{
  "rouge1": 0.36241620515576023,
  "rouge2": 0.16436850843901218,
  "rougeL": 0.2706108305305739,
  "rougeLsum": 0.309796087373448
}